mean,std,P10,P20,P30,P40,P50,P60,P70,P80,P90,P100,cost,Class,Layer Index
1543.087646484375,139.98976135253906,1388.0,1460.0,1497.0,1532.0,1559.0,1585.0,1610.0,1646.0,1690.0,1987.0,20.0,1.0,1
1521.35498046875,129.02011108398438,1388.0,1445.0,1475.0,1511.0,1532.0,1559.0,1585.0,1610.0,1657.0,1916.0,20.0,1.0,2
1510.0970458984375,133.242919921875,1371.0,1429.0,1468.0,1497.0,1518.0,1552.0,1578.0,1610.0,1651.0,1912.0,20.0,1.0,3
1499.8948974609375,126.1977767944336,1371.0,1421.0,1452.0,1483.0,1511.0,1532.0,1559.0,1591.0,1634.0,1939.0,20.0,1.0,4
1545.96728515625,135.71270751953125,1410.6000000000022,1468.0,1504.0,1532.0,1559.0,1585.0,1610.0,1646.0,1690.0,1965.0,20.0,1.0,5
1517.154296875,128.90878295898438,1380.0,1437.0,1475.0,1504.0,1525.0,1552.0,1578.0,1610.0,1657.0,1951.0,20.0,1.0,6
1528.6802978515625,136.13314819335938,1397.0,1452.0,1490.0,1518.0,1539.0,1566.0,1591.0,1628.0,1668.0,1935.0,20.0,1.0,7
1510.984375,120.4474105834961,1371.0,1429.0,1468.0,1490.0,1518.0,1546.0,1572.0,1604.0,1646.0,1871.0,20.0,1.0,8
1516.696044921875,127.19795989990234,1388.0,1437.0,1475.0,1504.0,1525.0,1552.0,1578.0,1610.0,1651.0,1997.0,20.0,1.0,9
1518.71728515625,135.3057098388672,1380.0,1445.0,1483.0,1511.0,1532.0,1559.0,1585.0,1610.0,1657.0,1935.0,20.0,1.0,10
1498.5845947265625,125.19290161132812,1371.0,1421.0,1452.0,1475.0,1504.0,1532.0,1559.0,1591.0,1634.0,1900.0,20.0,1.0,11
1517.4541015625,122.95140075683594,1388.0,1437.0,1468.0,1497.0,1525.0,1552.0,1578.0,1610.0,1651.0,1908.0,20.0,1.0,12
1535.6077880859375,133.13861083984375,1397.0,1460.0,1490.0,1518.0,1552.0,1572.0,1597.0,1628.0,1674.0,1900.0,20.0,1.0,13
1497.1922607421875,125.05426788330078,1371.0,1421.0,1452.0,1483.0,1504.0,1532.0,1552.0,1591.0,1634.0,1976.0,20.0,1.0,14
1494.463134765625,127.64197540283203,1362.0,1413.0,1452.0,1483.0,1504.0,1532.0,1559.0,1591.0,1634.0,1867.0,20.0,1.0,15
1527.4290771484375,131.09521484375,1397.0,1445.0,1483.0,1511.0,1539.0,1559.0,1591.0,1622.0,1663.0,1958.0,20.0,1.0,16
1495.5198974609375,126.80657958984375,1371.0,1421.0,1452.0,1483.0,1504.0,1532.0,1552.0,1585.0,1628.0,1990.0,20.0,1.0,17
1518.4486083984375,134.3014373779297,1380.0,1437.0,1475.0,1504.0,1532.0,1552.0,1585.0,1616.0,1663.0,1976.0,20.0,1.0,18
1539.8253173828125,137.30032348632812,1397.0,1452.0,1490.0,1525.0,1552.0,1578.0,1610.0,1640.0,1685.0,1997.0,20.0,1.0,19
1530.6595458984375,135.3576202392578,1397.0,1452.0,1490.0,1518.0,1546.0,1572.0,1597.0,1628.0,1668.0,1876.0,20.0,1.0,20
1523.4312744140625,131.77708435058594,1397.0,1445.0,1483.0,1511.0,1532.0,1559.0,1585.0,1616.0,1663.0,1965.0,20.0,1.0,21
1491.9559326171875,123.40238952636719,1362.0,1413.0,1445.0,1475.0,1504.0,1525.0,1552.0,1585.0,1628.0,1859.0,20.0,1.0,22
1528.4871826171875,130.19854736328125,1397.0,1452.0,1483.0,1511.0,1539.0,1566.0,1591.0,1622.0,1663.0,1958.0,20.0,1.0,23
1499.073486328125,132.79647827148438,1362.0,1421.0,1452.0,1483.0,1511.0,1532.0,1559.0,1597.0,1646.0,1892.0,20.0,1.0,24
1516.9735107421875,129.04290771484375,1388.0,1437.0,1475.0,1497.0,1525.0,1552.0,1578.0,1610.0,1651.0,1932.0,20.0,1.0,25
1458.6563720703125,190.99085998535156,1248.0,1345.0,1405.0,1452.0,1490.0,1525.0,1559.0,1597.0,1651.0,1912.0,0.0,0.0,26
1528.65625,123.25679016113281,1405.0,1452.0,1490.0,1511.0,1539.0,1559.0,1585.0,1616.0,1657.0,1904.0,20.0,1.0,27
1525.996337890625,127.11536407470703,1397.0,1445.0,1483.0,1511.0,1532.0,1559.0,1585.0,1616.0,1663.0,1947.0,20.0,1.0,28
1514.950439453125,122.3165283203125,1380.0,1437.0,1468.0,1497.0,1525.0,1552.0,1572.0,1604.0,1651.0,1912.0,20.0,1.0,29
1524.9144287109375,125.39173126220703,1397.0,1445.0,1483.0,1511.0,1532.0,1559.0,1585.0,1616.0,1663.0,1954.0,20.0,1.0,30
1534.465087890625,134.29806518554688,1397.0,1460.0,1497.0,1518.0,1552.0,1572.0,1597.0,1634.0,1674.0,1947.0,20.0,1.0,31
1499.23095703125,125.52429962158203,1371.0,1421.0,1452.0,1483.0,1511.0,1532.0,1559.0,1591.0,1634.0,1939.0,20.0,1.0,32
1545.1448974609375,135.02902221679688,1405.0,1468.0,1504.0,1532.0,1559.0,1585.0,1610.0,1640.0,1690.0,2001.0,20.0,1.0,33
1506.024169921875,130.10813903808594,1371.0,1429.0,1468.0,1490.0,1518.0,1539.0,1566.0,1597.0,1640.0,1900.0,20.0,1.0,34
1517.393798828125,128.50709533691406,1388.0,1445.0,1475.0,1504.0,1525.0,1552.0,1578.0,1610.0,1651.0,1990.0,20.0,1.0,35
1490.07666015625,122.89558410644531,1354.0,1405.0,1445.0,1475.0,1497.0,1525.0,1552.0,1585.0,1628.0,1880.0,20.0,1.0,36
1530.7301025390625,127.5089340209961,1397.0,1452.0,1490.0,1511.0,1539.0,1566.0,1591.0,1622.0,1668.0,1954.0,20.0,1.0,37
1521.7406005859375,134.8450927734375,1380.0,1445.0,1475.0,1511.0,1532.0,1559.0,1591.0,1622.0,1663.0,1896.0,20.0,1.0,38
1511.7569580078125,128.95291137695312,1380.0,1437.0,1468.0,1497.0,1518.0,1546.0,1572.0,1597.0,1646.0,1947.0,20.0,1.0,39
1507.1514892578125,118.01954650878906,1380.0,1429.0,1460.0,1490.0,1511.0,1539.0,1566.0,1597.0,1640.0,1880.0,20.0,1.0,40
1535.3138427734375,134.49559020996094,1397.0,1460.0,1490.0,1518.0,1546.0,1572.0,1597.0,1634.0,1674.0,1962.0,20.0,1.0,41
1501.7919921875,132.404052734375,1371.0,1429.0,1460.0,1490.0,1511.0,1539.0,1566.0,1597.0,1640.0,1951.0,20.0,1.0,42
1490.083251953125,125.99199676513672,1354.0,1413.0,1445.0,1475.0,1497.0,1525.0,1552.0,1585.0,1628.0,1928.0,20.0,1.0,43
1533.3636474609375,130.44139099121094,1397.0,1452.0,1490.0,1518.0,1539.0,1566.0,1597.0,1628.0,1674.0,1928.0,20.0,1.0,44
1490.7718505859375,119.8476791381836,1362.0,1421.0,1452.0,1475.0,1504.0,1525.0,1552.0,1578.0,1616.0,1928.0,20.0,1.0,45
1511.2308349609375,126.70925903320312,1380.0,1437.0,1468.0,1497.0,1518.0,1546.0,1572.0,1604.0,1646.0,1912.0,20.0,1.0,46
1540.1033935546875,136.07574462890625,1397.0,1460.0,1497.0,1525.0,1552.0,1578.0,1610.0,1640.0,1685.0,1924.0,20.0,1.0,47
1525.267333984375,134.45294189453125,1388.0,1445.0,1483.0,1511.0,1539.0,1559.0,1591.0,1622.0,1663.0,1954.0,20.0,1.0,48
1488.5360107421875,121.64111328125,1362.0,1413.0,1445.0,1475.0,1497.0,1518.0,1552.0,1578.0,1616.0,1892.0,20.0,1.0,49
1513.096435546875,132.0435791015625,1371.0,1429.0,1468.0,1497.0,1518.0,1552.0,1578.0,1610.0,1663.0,1965.0,20.0,1.0,50
1509.701171875,130.55902099609375,1380.0,1429.0,1468.0,1490.0,1518.0,1546.0,1572.0,1604.0,1646.0,1969.0,20.0,1.0,51
1507.278076171875,137.83175659179688,1371.0,1429.0,1468.0,1497.0,1518.0,1546.0,1572.0,1604.0,1651.0,1900.0,20.0,1.0,52
1503.047119140625,125.13756561279297,1380.0,1429.0,1460.0,1490.0,1511.0,1532.0,1559.0,1591.0,1634.0,1880.0,20.0,1.0,53
1547.099365234375,134.37564086914062,1405.0,1468.0,1504.0,1532.0,1559.0,1585.0,1616.0,1646.0,1696.0,1976.0,20.0,1.0,54
1507.4417724609375,123.45388793945312,1380.0,1429.0,1468.0,1490.0,1518.0,1539.0,1566.0,1597.0,1640.0,1884.0,20.0,1.0,55
1526.5513916015625,133.48138427734375,1397.0,1445.0,1483.0,1511.0,1539.0,1559.0,1591.0,1622.0,1663.0,1916.0,20.0,1.0,56
1523.184814453125,136.74302673339844,1380.0,1437.0,1475.0,1504.0,1532.0,1559.0,1591.0,1628.0,1674.0,2004.0,20.0,1.0,57
1482.9554443359375,183.38731384277344,1289.0,1380.0,1437.0,1475.0,1511.0,1546.0,1572.0,1610.0,1663.0,1994.0,0.0,0.0,58
1431.6285400390625,192.1530303955078,1195.0,1308.0,1380.0,1429.0,1468.0,1504.0,1539.0,1572.0,1628.0,1884.0,0.0,0.0,59
1562.2376708984375,135.5462188720703,1421.0,1475.0,1518.0,1546.0,1572.0,1597.0,1628.0,1663.0,1707.0,1976.0,10.0,2.0,60
1536.9644775390625,126.91547393798828,1397.0,1452.0,1490.0,1518.0,1546.0,1572.0,1597.0,1634.0,1674.0,1908.0,10.0,2.0,61
1545.3072509765625,130.20335388183594,1421.0,1468.0,1504.0,1532.0,1552.0,1578.0,1604.0,1634.0,1680.0,1976.0,10.0,2.0,62
1528.0628662109375,140.5230255126953,1380.0,1445.0,1483.0,1511.0,1539.0,1566.0,1597.0,1628.0,1674.0,2041.0,20.0,1.0,63
1534.25,135.31065368652344,1397.0,1452.0,1490.0,1518.0,1546.0,1572.0,1597.0,1634.0,1680.0,1983.0,20.0,1.0,64
1513.473876953125,127.3016128540039,1380.0,1437.0,1468.0,1497.0,1518.0,1552.0,1572.0,1604.0,1651.0,2001.0,20.0,1.0,65
1525.5423583984375,137.96192932128906,1388.0,1445.0,1483.0,1518.0,1539.0,1566.0,1591.0,1622.0,1668.0,1908.0,20.0,1.0,66
1501.2467041015625,125.33602142333984,1380.0,1429.0,1460.0,1490.0,1511.0,1532.0,1559.0,1591.0,1634.0,1935.0,20.0,1.0,67
1545.986572265625,136.75579833984375,1397.0,1460.0,1497.0,1532.0,1559.0,1585.0,1616.0,1646.0,1696.0,1994.0,20.0,1.0,68
1518.7216796875,133.17141723632812,1380.0,1437.0,1475.0,1504.0,1532.0,1559.0,1585.0,1616.0,1657.0,1932.0,20.0,1.0,69
1485.43896484375,115.3893814086914,1362.0,1413.0,1445.0,1468.0,1490.0,1518.0,1539.0,1572.0,1610.0,2032.0,20.0,1.0,70
1518.9552001953125,133.3570098876953,1380.0,1437.0,1475.0,1504.0,1532.0,1559.0,1585.0,1616.0,1663.0,1892.0,20.0,1.0,71
1542.45654296875,130.4306640625,1413.0,1468.0,1497.0,1525.0,1552.0,1578.0,1604.0,1634.0,1680.0,1973.0,20.0,1.0,72
1505.380615234375,121.71382141113281,1380.0,1429.0,1460.0,1490.0,1511.0,1539.0,1566.0,1597.0,1634.0,1863.0,20.0,1.0,73
1513.7669677734375,131.56808471679688,1380.0,1437.0,1475.0,1497.0,1525.0,1552.0,1572.0,1604.0,1646.0,1932.0,20.0,1.0,74
1522.77001953125,142.41641235351562,1371.0,1437.0,1475.0,1511.0,1539.0,1559.0,1591.0,1628.0,1674.0,1958.0,20.0,1.0,75
1519.183349609375,129.65321350097656,1388.0,1437.0,1475.0,1504.0,1532.0,1552.0,1585.0,1610.0,1657.0,1900.0,20.0,1.0,76
1521.1759033203125,137.26058959960938,1380.0,1445.0,1483.0,1511.0,1539.0,1559.0,1591.0,1616.0,1663.0,1943.0,20.0,1.0,77
1499.842529296875,125.5921630859375,1371.0,1421.0,1452.0,1483.0,1511.0,1532.0,1559.0,1591.0,1634.0,1912.0,20.0,1.0,78
1522.47998046875,130.77357482910156,1388.0,1437.0,1475.0,1504.0,1532.0,1559.0,1585.0,1616.0,1663.0,1983.0,20.0,1.0,79
1518.3179931640625,127.74188232421875,1380.0,1437.0,1475.0,1504.0,1525.0,1552.0,1578.0,1610.0,1657.0,1924.0,20.0,1.0,80
1501.02685546875,126.5255126953125,1371.0,1421.0,1460.0,1483.0,1511.0,1532.0,1559.0,1591.0,1634.0,1867.0,20.0,1.0,81
1524.1971435546875,142.19442749023438,1371.0,1437.0,1475.0,1511.0,1539.0,1566.0,1597.0,1628.0,1674.0,1924.0,20.0,1.0,82
1501.5587158203125,126.40567016601562,1371.0,1421.0,1460.0,1490.0,1511.0,1532.0,1559.0,1591.0,1634.0,1908.0,20.0,1.0,83
1524.198974609375,139.9044189453125,1380.0,1445.0,1483.0,1511.0,1539.0,1566.0,1591.0,1622.0,1663.0,1924.0,20.0,1.0,84
1509.4049072265625,129.8339385986328,1380.0,1429.0,1468.0,1490.0,1518.0,1546.0,1572.0,1604.0,1646.0,1976.0,20.0,1.0,85
1535.724853515625,134.9842987060547,1397.0,1452.0,1490.0,1518.0,1552.0,1572.0,1597.0,1634.0,1680.0,2028.0,20.0,1.0,86
1527.9730224609375,137.97036743164062,1388.0,1452.0,1490.0,1518.0,1539.0,1566.0,1591.0,1628.0,1668.0,1943.0,20.0,1.0,87
1515.8177490234375,130.00296020507812,1388.0,1437.0,1475.0,1504.0,1525.0,1552.0,1578.0,1610.0,1651.0,1976.0,20.0,1.0,88
1523.080322265625,139.7456817626953,1371.0,1437.0,1475.0,1511.0,1532.0,1566.0,1591.0,1628.0,1668.0,1924.0,20.0,1.0,89
1473.684814453125,180.12916564941406,1298.0,1380.0,1437.0,1475.0,1504.0,1532.0,1566.0,1597.0,1646.0,1871.0,0.0,0.0,90
1421.9320068359375,197.2707061767578,1161.0,1289.0,1362.0,1413.0,1452.0,1490.0,1532.0,1578.0,1634.0,1880.0,0.0,0.0,91
1464.8209228515625,182.44093322753906,1279.0,1371.0,1421.0,1460.0,1490.0,1525.0,1552.0,1591.0,1646.0,1916.0,0.0,0.0,92
1557.598876953125,138.53810119628906,1413.0,1468.0,1511.0,1539.0,1566.0,1597.0,1628.0,1663.0,1707.0,2032.0,20.0,2.0,93
1575.6126708984375,141.3793487548828,1429.0,1490.0,1532.0,1559.0,1585.0,1610.0,1646.0,1680.0,1728.0,2038.0,20.0,2.0,94
1538.9747314453125,136.7412567138672,1405.0,1460.0,1497.0,1525.0,1552.0,1578.0,1604.0,1634.0,1685.0,1973.0,20.0,2.0,95
1553.3677978515625,140.46351623535156,1405.0,1468.0,1504.0,1532.0,1566.0,1591.0,1622.0,1657.0,1707.0,2025.0,20.0,1.0,96
1533.512939453125,131.39878845214844,1397.0,1452.0,1490.0,1518.0,1539.0,1566.0,1597.0,1628.0,1680.0,1932.0,20.0,1.0,97
1492.1060791015625,120.89659881591797,1371.0,1421.0,1452.0,1475.0,1504.0,1525.0,1552.0,1578.0,1616.0,1943.0,20.0,1.0,98
1502.0062255859375,126.42069244384766,1380.0,1429.0,1460.0,1490.0,1511.0,1532.0,1559.0,1591.0,1634.0,2061.0,20.0,1.0,99
1547.2662353515625,131.91909790039062,1405.0,1468.0,1504.0,1532.0,1559.0,1585.0,1610.0,1646.0,1690.0,1935.0,20.0,1.0,100
1508.7877197265625,123.51729583740234,1380.0,1429.0,1468.0,1490.0,1518.0,1546.0,1572.0,1597.0,1640.0,1954.0,20.0,1.0,101
1497.6072998046875,126.51518249511719,1371.0,1421.0,1452.0,1483.0,1511.0,1532.0,1559.0,1591.0,1628.0,1920.0,20.0,1.0,102
1529.8162841796875,138.45846557617188,1380.0,1445.0,1483.0,1518.0,1546.0,1572.0,1597.0,1634.0,1680.0,1896.0,20.0,1.0,103
1511.0341796875,125.87362670898438,1388.0,1437.0,1468.0,1497.0,1518.0,1546.0,1572.0,1597.0,1646.0,1896.0,20.0,1.0,104
1520.4735107421875,136.6026611328125,1380.0,1445.0,1483.0,1511.0,1532.0,1559.0,1585.0,1616.0,1663.0,1935.0,20.0,1.0,105
1506.6246337890625,131.0271759033203,1380.0,1429.0,1468.0,1490.0,1518.0,1546.0,1572.0,1597.0,1646.0,1947.0,20.0,1.0,106
1512.691162109375,131.1152801513672,1371.0,1429.0,1468.0,1497.0,1518.0,1552.0,1578.0,1610.0,1663.0,1896.0,20.0,1.0,107
1516.6317138671875,123.86139678955078,1388.0,1437.0,1475.0,1497.0,1525.0,1552.0,1572.0,1604.0,1646.0,1932.0,20.0,1.0,108
1528.8031005859375,137.41612243652344,1397.0,1452.0,1490.0,1518.0,1539.0,1566.0,1597.0,1628.0,1668.0,1896.0,20.0,1.0,109
1529.591552734375,131.32418823242188,1388.0,1445.0,1483.0,1511.0,1539.0,1566.0,1591.0,1628.0,1674.0,1965.0,20.0,1.0,110
1535.793212890625,135.70657348632812,1397.0,1452.0,1490.0,1518.0,1546.0,1572.0,1604.0,1634.0,1680.0,1951.0,20.0,1.0,111
1521.5516357421875,133.50799560546875,1380.0,1445.0,1483.0,1511.0,1539.0,1559.0,1591.0,1616.0,1657.0,1920.0,20.0,1.0,112
1511.0296630859375,131.15260314941406,1380.0,1429.0,1468.0,1497.0,1518.0,1546.0,1572.0,1604.0,1646.0,1983.0,20.0,1.0,113
1541.02734375,140.25486755371094,1388.0,1452.0,1490.0,1525.0,1552.0,1585.0,1610.0,1646.0,1690.0,2038.0,20.0,1.0,114
1519.56640625,136.52410888671875,1380.0,1437.0,1475.0,1504.0,1532.0,1559.0,1585.0,1616.0,1663.0,2004.0,20.0,1.0,115
1497.517822265625,124.94097137451172,1371.0,1421.0,1460.0,1483.0,1511.0,1532.0,1559.0,1591.0,1628.0,1924.0,20.0,1.0,116
1507.2908935546875,128.93589782714844,1371.0,1429.0,1460.0,1490.0,1518.0,1546.0,1572.0,1604.0,1646.0,1935.0,20.0,1.0,117
1514.22314453125,125.48329162597656,1380.0,1429.0,1468.0,1497.0,1518.0,1546.0,1572.0,1610.0,1651.0,1904.0,20.0,1.0,118
1502.4158935546875,124.53985595703125,1371.0,1429.0,1460.0,1490.0,1511.0,1532.0,1559.0,1591.0,1634.0,1928.0,20.0,1.0,119
1502.0838623046875,126.9160385131836,1380.0,1429.0,1460.0,1490.0,1511.0,1532.0,1559.0,1591.0,1634.0,1892.0,20.0,1.0,120
1541.3211669921875,139.11358642578125,1397.0,1460.0,1490.0,1525.0,1552.0,1578.0,1610.0,1646.0,1690.0,2116.0,20.0,1.0,121
1516.4593505859375,130.9859161376953,1388.0,1437.0,1475.0,1504.0,1525.0,1552.0,1578.0,1610.0,1657.0,1939.0,20.0,1.0,122
1437.1513671875,196.61605834960938,1228.0,1326.0,1388.0,1429.0,1468.0,1504.0,1532.0,1572.0,1634.0,1896.0,0.0,0.0,123
1438.219482421875,199.90878295898438,1238.0,1326.0,1380.0,1429.0,1468.0,1504.0,1539.0,1585.0,1634.0,1947.0,0.0,0.0,124
1476.5853271484375,181.29222106933594,1289.0,1380.0,1437.0,1468.0,1504.0,1532.0,1566.0,1604.0,1657.0,1924.0,0.0,0.0,125
1439.515380859375,199.57359313964844,1206.0,1317.0,1380.0,1429.0,1468.0,1511.0,1552.0,1591.0,1646.0,1867.0,0.0,0.0,126
1589.214111328125,142.22647094726562,1437.0,1497.0,1532.0,1572.0,1597.0,1628.0,1663.0,1696.0,1743.0,1987.0,40.0,2.0,127
1535.96484375,130.29327392578125,1380.0,1445.0,1490.0,1518.0,1552.0,1572.0,1604.0,1634.0,1680.0,1951.0,40.0,2.0,128
1542.005859375,131.90841674804688,1413.0,1468.0,1497.0,1525.0,1552.0,1572.0,1604.0,1634.0,1680.0,2038.0,40.0,2.0,129
1545.6158447265625,135.45616149902344,1405.0,1475.0,1511.0,1539.0,1559.0,1585.0,1610.0,1640.0,1680.0,1935.0,20.0,1.0,130
1520.381103515625,133.8900146484375,1380.0,1437.0,1475.0,1504.0,1532.0,1559.0,1585.0,1616.0,1663.0,2004.0,20.0,1.0,131
1520.8331298828125,128.0002899169922,1388.0,1437.0,1475.0,1504.0,1532.0,1559.0,1585.0,1616.0,1663.0,1969.0,20.0,1.0,132
1523.83740234375,138.81842041015625,1380.0,1445.0,1483.0,1511.0,1539.0,1559.0,1591.0,1622.0,1668.0,1947.0,20.0,1.0,133
1495.93896484375,128.40713500976562,1362.0,1421.0,1452.0,1475.0,1504.0,1532.0,1559.0,1591.0,1634.0,1892.0,20.0,1.0,134
1488.4847412109375,128.36068725585938,1354.0,1405.0,1445.0,1475.0,1497.0,1525.0,1552.0,1585.0,1628.0,1896.0,20.0,1.0,135
1515.48291015625,131.7891387939453,1380.0,1437.0,1475.0,1504.0,1525.0,1552.0,1578.0,1610.0,1651.0,1908.0,20.0,1.0,136
1501.160888671875,136.00306701660156,1362.0,1421.0,1460.0,1483.0,1511.0,1539.0,1566.0,1597.0,1646.0,1920.0,20.0,1.0,137
1531.4083251953125,134.3486328125,1397.0,1452.0,1490.0,1518.0,1539.0,1566.0,1591.0,1628.0,1674.0,1997.0,20.0,1.0,138
1528.53759765625,132.83729553222656,1391.6000000000008,1445.0,1483.0,1511.0,1539.0,1566.0,1591.0,1628.0,1668.0,1958.0,20.0,1.0,139
1519.888671875,137.07699584960938,1380.0,1445.0,1483.0,1511.0,1532.0,1559.0,1591.0,1616.0,1657.0,1908.0,20.0,1.0,140
1511.3988037109375,130.30941772460938,1380.0,1437.0,1468.0,1497.0,1518.0,1546.0,1572.0,1604.0,1646.0,1900.0,20.0,1.0,141
1490.7685546875,127.67949676513672,1354.0,1405.0,1445.0,1468.0,1497.0,1525.0,1552.0,1591.0,1634.0,2113.0,20.0,1.0,142
1542.5814208984375,138.65501403808594,1405.0,1468.0,1497.0,1532.0,1552.0,1585.0,1610.0,1640.0,1685.0,1976.0,20.0,1.0,143
1497.412841796875,116.4692153930664,1371.0,1421.0,1452.0,1483.0,1511.0,1532.0,1552.0,1585.0,1628.0,1965.0,20.0,1.0,144
1517.8704833984375,128.53396606445312,1388.0,1437.0,1475.0,1504.0,1525.0,1552.0,1578.0,1610.0,1651.0,1892.0,20.0,1.0,145
1527.902587890625,133.92550659179688,1380.0,1445.0,1475.0,1511.0,1532.0,1559.0,1591.0,1628.0,1674.0,1962.0,20.0,1.0,146
1517.000244140625,129.80441284179688,1388.0,1437.0,1475.0,1504.0,1525.0,1552.0,1578.0,1610.0,1657.0,1912.0,20.0,1.0,147
1508.8671875,129.7486114501953,1380.0,1429.0,1468.0,1490.0,1518.0,1546.0,1572.0,1597.0,1646.0,2008.0,20.0,1.0,148
1489.8087158203125,127.1478042602539,1354.0,1405.0,1445.0,1475.0,1497.0,1525.0,1552.0,1585.0,1628.0,1990.0,20.0,1.0,149
1522.238525390625,129.40786743164062,1388.0,1445.0,1475.0,1511.0,1532.0,1559.0,1585.0,1616.0,1663.0,1965.0,20.0,1.0,150
1523.916015625,137.89505004882812,1380.0,1445.0,1483.0,1518.0,1539.0,1566.0,1591.0,1622.0,1663.0,1924.0,20.0,1.0,151
1494.91162109375,125.39799499511719,1362.0,1421.0,1452.0,1475.0,1504.0,1525.0,1552.0,1585.0,1628.0,1947.0,20.0,1.0,152
1537.9111328125,138.23057556152344,1397.0,1460.0,1497.0,1525.0,1552.0,1572.0,1604.0,1634.0,1680.0,2058.0,20.0,1.0,153
1499.4429931640625,125.64643096923828,1371.0,1421.0,1452.0,1483.0,1511.0,1532.0,1559.0,1591.0,1634.0,1932.0,20.0,1.0,154
1510.5423583984375,127.1143798828125,1380.0,1437.0,1468.0,1497.0,1518.0,1546.0,1572.0,1597.0,1640.0,1920.0,20.0,1.0,155
1496.0579833984375,124.69071960449219,1362.0,1421.0,1452.0,1475.0,1504.0,1532.0,1559.0,1591.0,1634.0,1884.0,20.0,1.0,156
1467.0574951171875,187.65322875976562,1289.0,1380.0,1429.0,1468.0,1490.0,1525.0,1559.0,1597.0,1640.0,1916.0,0.0,0.0,157
1455.8922119140625,185.79202270507812,1228.0,1336.0,1397.0,1445.0,1483.0,1518.0,1559.0,1597.0,1651.0,1888.0,0.0,0.0,158
1455.9508056640625,181.00738525390625,1269.0,1371.0,1421.0,1452.0,1490.0,1518.0,1546.0,1578.0,1628.0,1932.0,0.0,0.0,159
1443.605224609375,199.3148193359375,1217.0,1326.0,1388.0,1437.0,1475.0,1511.0,1552.0,1591.0,1651.0,1935.0,0.0,0.0,160
1471.66455078125,203.568359375,1228.0,1354.0,1421.0,1468.0,1511.0,1546.0,1578.0,1622.0,1680.0,1908.0,0.0,0.0,161
1608.019287109375,160.61708068847656,1429.0,1497.0,1552.0,1591.0,1628.0,1657.0,1696.0,1733.0,1782.0,2058.0,80.0,2.0,162
1534.3433837890625,138.83383178710938,1380.0,1445.0,1483.0,1518.0,1546.0,1572.0,1604.0,1634.0,1685.0,2061.0,80.0,2.0,163
1571.8779296875,139.9441375732422,1429.0,1490.0,1525.0,1552.0,1585.0,1610.0,1640.0,1674.0,1722.0,1997.0,80.0,2.0,164
1496.3795166015625,122.7274169921875,1371.0,1421.0,1460.0,1483.0,1511.0,1532.0,1559.0,1585.0,1628.0,1912.0,20.0,1.0,165
1510.3804931640625,125.35802459716797,1380.0,1429.0,1468.0,1490.0,1518.0,1546.0,1572.0,1597.0,1646.0,1920.0,20.0,1.0,166
1549.7906494140625,142.72430419921875,1397.0,1460.0,1504.0,1532.0,1559.0,1591.0,1622.0,1657.0,1701.0,2041.0,20.0,1.0,167
1517.9945068359375,131.6964874267578,1388.0,1445.0,1475.0,1504.0,1532.0,1552.0,1578.0,1610.0,1651.0,1920.0,20.0,1.0,168
1484.848876953125,119.92668151855469,1362.0,1413.0,1445.0,1468.0,1490.0,1518.0,1539.0,1572.0,1610.0,2011.0,20.0,1.0,169
1520.6888427734375,135.4709014892578,1380.0,1437.0,1475.0,1504.0,1532.0,1559.0,1591.0,1622.0,1668.0,1976.0,20.0,1.0,170
1512.2626953125,128.41485595703125,1380.0,1429.0,1468.0,1497.0,1518.0,1546.0,1572.0,1604.0,1646.0,1935.0,20.0,1.0,171
1495.1815185546875,121.44442749023438,1371.0,1421.0,1452.0,1483.0,1511.0,1532.0,1552.0,1585.0,1622.0,1871.0,20.0,1.0,172
1507.246826171875,132.280029296875,1371.0,1429.0,1468.0,1490.0,1518.0,1546.0,1572.0,1604.0,1646.0,1935.0,20.0,1.0,173
1518.9541015625,132.7770538330078,1380.0,1437.0,1468.0,1504.0,1532.0,1559.0,1585.0,1622.0,1668.0,1983.0,20.0,1.0,174
1513.1085205078125,131.14662170410156,1371.0,1429.0,1468.0,1497.0,1518.0,1552.0,1578.0,1610.0,1651.0,2101.0,20.0,1.0,175
1505.61669921875,136.2174835205078,1371.0,1429.0,1468.0,1490.0,1518.0,1546.0,1572.0,1604.0,1646.0,1965.0,20.0,1.0,176
1522.399658203125,133.2347412109375,1380.0,1437.0,1475.0,1504.0,1532.0,1559.0,1585.0,1622.0,1668.0,1954.0,20.0,1.0,177
1521.112060546875,134.53416442871094,1380.0,1437.0,1475.0,1504.0,1532.0,1559.0,1585.0,1616.0,1663.0,1969.0,20.0,1.0,178
1518.803466796875,137.2849884033203,1380.0,1437.0,1475.0,1504.0,1532.0,1559.0,1585.0,1622.0,1663.0,1965.0,20.0,1.0,179
1509.777587890625,127.79643249511719,1380.0,1429.0,1468.0,1490.0,1518.0,1546.0,1572.0,1597.0,1646.0,1962.0,20.0,1.0,180
1504.228759765625,124.59358978271484,1371.0,1421.0,1460.0,1490.0,1511.0,1539.0,1566.0,1597.0,1646.0,1892.0,20.0,1.0,181
1508.70263671875,127.9463882446289,1380.0,1429.0,1468.0,1490.0,1518.0,1539.0,1566.0,1597.0,1646.0,1908.0,20.0,1.0,182
1524.1842041015625,139.85052490234375,1380.0,1445.0,1483.0,1511.0,1539.0,1566.0,1591.0,1628.0,1668.0,1965.0,20.0,1.0,183
1526.71044921875,132.90087890625,1388.0,1445.0,1483.0,1511.0,1532.0,1559.0,1591.0,1622.0,1668.0,2022.0,20.0,1.0,184
1520.5128173828125,130.3280487060547,1380.0,1437.0,1475.0,1504.0,1532.0,1559.0,1585.0,1616.0,1663.0,1943.0,20.0,1.0,185
1526.8251953125,137.42953491210938,1388.0,1445.0,1483.0,1511.0,1539.0,1566.0,1591.0,1628.0,1668.0,1943.0,20.0,1.0,186
1498.3642578125,129.7230682373047,1371.0,1421.0,1452.0,1483.0,1511.0,1532.0,1559.0,1591.0,1634.0,1924.0,20.0,1.0,187
1538.7078857421875,136.85940551757812,1397.0,1452.0,1490.0,1518.0,1552.0,1578.0,1610.0,1640.0,1690.0,1951.0,20.0,1.0,188
1519.3192138671875,131.8005828857422,1380.0,1437.0,1475.0,1504.0,1525.0,1552.0,1578.0,1610.0,1663.0,1932.0,20.0,1.0,189
1487.3201904296875,117.88634490966797,1362.0,1413.0,1445.0,1468.0,1497.0,1518.0,1546.0,1572.0,1616.0,1939.0,20.0,1.0,190
1512.3214111328125,128.22691345214844,1380.0,1429.0,1468.0,1497.0,1518.0,1546.0,1572.0,1604.0,1651.0,1896.0,20.0,1.0,191
1466.854736328125,189.6924285888672,1259.0,1362.0,1421.0,1460.0,1497.0,1532.0,1565.2999999999975,1604.0,1651.0,1969.0,0.0,0.0,192
1452.0426025390625,200.10292053222656,1217.0,1317.0,1388.0,1445.0,1483.0,1525.0,1559.0,1604.0,1663.0,2110.0,0.0,0.0,193
1475.7755126953125,192.0630645751953,1269.0,1371.0,1429.0,1468.0,1511.0,1532.0,1572.0,1610.0,1668.0,1932.0,0.0,0.0,194
1437.5108642578125,193.68797302246094,1195.0,1308.0,1380.0,1421.0,1468.0,1504.0,1546.0,1591.0,1646.0,1912.0,0.0,0.0,195
1486.70703125,195.3651580810547,1279.0,1380.0,1437.0,1483.0,1518.0,1552.0,1585.0,1628.0,1680.0,2004.0,0.0,0.0,196
1452.3848876953125,205.4834442138672,1195.0,1308.0,1380.0,1437.0,1483.0,1525.0,1566.0,1616.0,1680.0,1932.0,0.0,0.0,197
1619.157470703125,170.47010803222656,1421.0,1504.0,1559.0,1604.0,1646.0,1680.0,1707.0,1743.0,1792.0,2188.0,100.0,2.0,198
1583.6881103515625,146.76492309570312,1421.0,1483.0,1525.0,1559.0,1591.0,1628.0,1663.0,1696.0,1748.0,2011.0,100.0,2.0,199
1522.3402099609375,128.7838592529297,1388.0,1445.0,1483.0,1511.0,1532.0,1559.0,1585.0,1616.0,1657.0,1951.0,100.0,2.0,200
1522.6622314453125,128.8563232421875,1388.0,1445.0,1483.0,1511.0,1532.0,1559.0,1585.0,1616.0,1663.0,1997.0,20.0,1.0,201
1535.9427490234375,143.29815673828125,1380.0,1445.0,1490.0,1518.0,1552.0,1578.0,1610.0,1646.0,1690.0,2159.0,20.0,1.0,202
1504.16455078125,129.5861358642578,1371.0,1421.0,1460.0,1490.0,1511.0,1539.0,1566.0,1597.0,1646.0,1965.0,20.0,1.0,203
1528.652099609375,133.94358825683594,1397.0,1452.0,1490.0,1518.0,1546.0,1566.0,1597.0,1628.0,1663.0,1965.0,20.0,1.0,204
1516.87451171875,132.65701293945312,1380.0,1437.0,1475.0,1504.0,1532.0,1552.0,1578.0,1610.0,1657.0,1943.0,20.0,1.0,205
1533.9759521484375,138.98146057128906,1388.0,1452.0,1490.0,1518.0,1546.0,1572.0,1597.0,1634.0,1685.0,1958.0,20.0,1.0,206
1519.335205078125,133.0575408935547,1380.0,1437.0,1475.0,1504.0,1532.0,1552.0,1585.0,1616.0,1663.0,1965.0,20.0,1.0,207
1512.3450927734375,127.06934356689453,1380.0,1437.0,1468.0,1497.0,1518.0,1546.0,1572.0,1604.0,1646.0,1935.0,20.0,1.0,208
1532.015380859375,136.40928649902344,1388.0,1445.0,1490.0,1518.0,1546.0,1572.0,1597.0,1634.0,1674.0,1954.0,20.0,1.0,209
1521.3323974609375,131.19625854492188,1388.0,1445.0,1475.0,1504.0,1532.0,1559.0,1585.0,1616.0,1663.0,1896.0,20.0,1.0,210
1517.695068359375,139.82020568847656,1380.0,1437.0,1468.0,1504.0,1532.0,1552.0,1585.0,1616.0,1668.0,1983.0,20.0,1.0,211
1519.30126953125,132.1917266845703,1380.0,1437.0,1475.0,1504.0,1532.0,1559.0,1585.0,1610.0,1657.0,1951.0,20.0,1.0,212
1518.8946533203125,130.24716186523438,1380.0,1437.0,1475.0,1504.0,1532.0,1552.0,1585.0,1616.0,1663.0,1943.0,20.0,1.0,213
1532.5181884765625,132.6730194091797,1397.0,1460.0,1490.0,1518.0,1546.0,1572.0,1597.0,1628.0,1668.0,1943.0,20.0,1.0,214
1510.044677734375,132.869384765625,1380.0,1429.0,1468.0,1497.0,1518.0,1546.0,1572.0,1604.0,1646.0,1939.0,20.0,1.0,215
1525.7974853515625,138.43246459960938,1380.0,1445.0,1483.0,1511.0,1539.0,1566.0,1591.0,1628.0,1674.0,1994.0,20.0,1.0,216
1528.9632568359375,131.1472930908203,1397.0,1445.0,1483.0,1511.0,1539.0,1559.0,1591.0,1628.0,1668.0,1928.0,20.0,1.0,217
1480.5528564453125,123.73538970947266,1354.0,1413.0,1445.0,1468.0,1490.0,1518.0,1539.0,1572.0,1610.0,1863.0,20.0,1.0,218
1500.222900390625,128.0483856201172,1371.0,1421.0,1460.0,1483.0,1511.0,1532.0,1559.0,1591.0,1634.0,2048.0,20.0,1.0,219
1547.6441650390625,140.91368103027344,1397.0,1460.0,1504.0,1532.0,1559.0,1591.0,1616.0,1651.0,1696.0,1965.0,20.0,1.0,220
1507.178955078125,125.32825469970703,1380.0,1429.0,1468.0,1490.0,1518.0,1539.0,1566.0,1597.0,1646.0,1892.0,20.0,1.0,221
1485.2896728515625,120.7248764038086,1362.0,1413.0,1445.0,1468.0,1490.0,1518.0,1539.0,1572.0,1610.0,1965.0,20.0,1.0,222
1527.2962646484375,136.5411834716797,1380.0,1437.0,1475.0,1511.0,1539.0,1566.0,1591.0,1628.0,1674.0,2015.0,20.0,1.0,223
1514.2332763671875,129.11798095703125,1380.0,1429.0,1468.0,1490.0,1518.0,1546.0,1572.0,1610.0,1657.0,1900.0,20.0,1.0,224
1526.664794921875,136.13128662109375,1388.0,1445.0,1490.0,1518.0,1539.0,1566.0,1591.0,1628.0,1668.0,1990.0,20.0,1.0,225
1519.91259765625,130.8863067626953,1388.0,1445.0,1475.0,1504.0,1532.0,1552.0,1585.0,1616.0,1657.0,2048.0,20.0,1.0,226
1497.8377685546875,120.23077392578125,1371.0,1421.0,1452.0,1475.0,1504.0,1532.0,1552.0,1585.0,1634.0,1867.0,20.0,1.0,227
1452.566650390625,201.47586059570312,1248.0,1345.0,1405.0,1452.0,1490.0,1518.0,1552.0,1591.0,1646.0,1908.0,0.0,0.0,228
1460.7340087890625,193.85458374023438,1248.0,1345.0,1405.0,1452.0,1490.0,1525.0,1559.0,1597.0,1657.0,1900.0,0.0,0.0,229
1443.7586669921875,200.5466766357422,1206.0,1326.0,1388.0,1429.0,1475.0,1511.0,1552.0,1597.0,1651.0,1916.0,0.0,0.0,230
1477.6976318359375,194.461181640625,1269.0,1380.0,1429.0,1475.0,1511.0,1539.0,1572.0,1610.0,1668.0,2038.0,0.0,0.0,231
1444.1983642578125,200.47146606445312,1195.0,1298.0,1380.0,1437.0,1475.0,1518.0,1559.0,1604.0,1657.0,1884.0,0.0,0.0,232
1467.7591552734375,193.69285583496094,1269.0,1371.0,1429.0,1468.0,1504.0,1532.0,1566.0,1604.0,1651.0,2001.0,0.0,0.0,233
1447.10400390625,189.23834228515625,1206.0,1326.0,1397.0,1445.0,1483.0,1518.0,1552.0,1591.0,1640.0,1888.0,0.0,0.0,234
1728.5062255859375,219.25718688964844,1468.0,1546.0,1610.0,1674.0,1738.0,1801.0,1854.0,1912.0,1987.0,2346.0,100.0,2.0,235
1569.05419921875,147.37939453125,1413.0,1475.0,1518.0,1552.0,1585.0,1610.0,1646.0,1680.0,1728.0,1994.0,100.0,2.0,236
1531.510009765625,134.38026428222656,1380.0,1445.0,1483.0,1518.0,1546.0,1572.0,1597.0,1628.0,1674.0,1994.0,100.0,2.0,237
1544.494873046875,132.74673461914062,1405.0,1460.0,1497.0,1525.0,1552.0,1578.0,1610.0,1646.0,1690.0,1965.0,20.0,1.0,238
1525.687744140625,136.65272521972656,1380.0,1445.0,1475.0,1511.0,1532.0,1559.0,1591.0,1628.0,1674.0,1951.0,20.0,1.0,239
1508.928955078125,128.28286743164062,1380.0,1429.0,1468.0,1490.0,1518.0,1546.0,1572.0,1604.0,1646.0,1908.0,20.0,1.0,240
1542.0020751953125,136.28887939453125,1397.0,1460.0,1497.0,1525.0,1552.0,1578.0,1610.0,1640.0,1690.0,2004.0,20.0,1.0,241
1529.8990478515625,131.4058074951172,1397.0,1452.0,1490.0,1518.0,1539.0,1566.0,1591.0,1622.0,1663.0,1943.0,20.0,1.0,242
1500.575439453125,121.88876342773438,1380.0,1429.0,1460.0,1490.0,1511.0,1532.0,1559.0,1585.0,1628.0,1932.0,20.0,1.0,243
1507.0916748046875,128.3513946533203,1371.0,1429.0,1460.0,1490.0,1518.0,1539.0,1572.0,1604.0,1646.0,1863.0,20.0,1.0,244
1535.1356201171875,133.72889709472656,1397.0,1445.0,1483.0,1518.0,1546.0,1572.0,1597.0,1634.0,1680.0,1976.0,20.0,1.0,245
1500.809814453125,120.32988739013672,1371.0,1421.0,1460.0,1483.0,1511.0,1532.0,1559.0,1591.0,1634.0,1867.0,20.0,1.0,246
1514.6346435546875,127.273681640625,1388.0,1445.0,1475.0,1504.0,1525.0,1552.0,1572.0,1604.0,1646.0,1892.0,20.0,1.0,247
1542.1533203125,143.61048889160156,1380.0,1452.0,1490.0,1518.0,1552.0,1578.0,1610.0,1646.0,1701.0,2015.0,20.0,1.0,248
1523.4464111328125,128.38430786132812,1388.0,1445.0,1475.0,1511.0,1532.0,1559.0,1585.0,1616.0,1663.0,1900.0,20.0,1.0,249
1530.9195556640625,134.3297882080078,1397.0,1460.0,1490.0,1518.0,1546.0,1572.0,1597.0,1628.0,1668.0,1920.0,20.0,1.0,250
1520.94091796875,135.439453125,1380.0,1437.0,1475.0,1504.0,1532.0,1559.0,1585.0,1616.0,1668.0,1951.0,20.0,1.0,251
1532.6629638671875,131.67628479003906,1397.0,1452.0,1490.0,1518.0,1539.0,1566.0,1597.0,1628.0,1674.0,2035.0,20.0,1.0,252
1525.4635009765625,132.63026428222656,1388.0,1445.0,1483.0,1511.0,1532.0,1559.0,1591.0,1622.0,1663.0,1987.0,20.0,1.0,253
1507.189697265625,131.05484008789062,1380.0,1429.0,1468.0,1490.0,1518.0,1539.0,1572.0,1597.0,1646.0,1916.0,20.0,1.0,254
1493.363525390625,130.3808135986328,1354.0,1405.0,1445.0,1475.0,1504.0,1532.0,1559.0,1591.0,1640.0,2153.0,20.0,1.0,255
1521.40478515625,129.57664489746094,1388.0,1445.0,1475.0,1511.0,1532.0,1559.0,1585.0,1616.0,1663.0,1932.0,20.0,1.0,256
1521.3797607421875,138.7769317626953,1380.0,1445.0,1475.0,1511.0,1532.0,1559.0,1591.0,1622.0,1668.0,1932.0,20.0,1.0,257
1523.1300048828125,130.79141235351562,1388.0,1445.0,1475.0,1511.0,1532.0,1559.0,1585.0,1616.0,1663.0,1904.0,20.0,1.0,258
1519.009033203125,128.6212158203125,1380.0,1437.0,1475.0,1504.0,1532.0,1552.0,1578.0,1610.0,1663.0,1935.0,20.0,1.0,259
1525.5849609375,133.28701782226562,1397.0,1452.0,1483.0,1511.0,1539.0,1559.0,1591.0,1622.0,1663.0,1980.0,20.0,1.0,260
1509.10546875,122.74821472167969,1380.0,1437.0,1468.0,1490.0,1518.0,1539.0,1566.0,1597.0,1640.0,1904.0,20.0,1.0,261
1494.8170166015625,127.4817123413086,1354.0,1413.0,1445.0,1475.0,1504.0,1525.0,1559.0,1591.0,1640.0,1954.0,20.0,1.0,262
1540.35888671875,128.88674926757812,1413.0,1468.0,1497.0,1525.0,1552.0,1572.0,1604.0,1634.0,1674.0,1943.0,20.0,1.0,263
1491.783203125,119.24868774414062,1371.0,1421.0,1452.0,1475.0,1504.0,1525.0,1552.0,1578.0,1622.0,1896.0,20.0,1.0,264
1447.477294921875,189.5184326171875,1269.0,1354.0,1405.0,1445.0,1475.0,1504.0,1539.0,1578.0,1634.0,1892.0,0.0,0.0,265
1460.4952392578125,181.90206909179688,1269.0,1362.0,1405.0,1445.0,1483.0,1518.0,1552.0,1597.0,1646.0,1994.0,0.0,0.0,266
1453.6611328125,195.63455200195312,1217.0,1345.0,1405.0,1445.0,1483.0,1525.0,1559.0,1597.0,1646.0,1916.0,0.0,0.0,267
1454.26220703125,194.28396606445312,1248.0,1345.0,1405.0,1452.0,1490.0,1518.0,1552.0,1591.0,1646.0,1969.0,0.0,0.0,268
1441.8536376953125,203.9916534423828,1184.0,1317.0,1388.0,1437.0,1475.0,1511.0,1552.0,1597.0,1657.0,1990.0,0.0,0.0,269
1471.6588134765625,192.98382568359375,1269.0,1371.0,1429.0,1468.0,1504.0,1539.0,1572.0,1610.0,1663.0,1884.0,0.0,0.0,270
1445.85693359375,187.0208740234375,1228.0,1326.0,1388.0,1437.0,1475.0,1511.0,1546.0,1585.0,1640.0,1908.0,0.0,0.0,271
1463.6329345703125,196.80320739746094,1259.0,1362.0,1421.0,1460.0,1490.0,1525.0,1566.0,1604.0,1657.0,1912.0,0.0,0.0,272
1817.2410888671875,280.84600830078125,1460.0,1552.0,1634.0,1728.0,1837.0,1939.0,2025.0,2092.0,2159.0,2433.0,100.0,2.0,273
1571.4493408203125,141.67526245117188,1413.0,1475.0,1518.0,1559.0,1585.0,1616.0,1646.0,1680.0,1728.0,1965.0,100.0,2.0,274
1541.7359619140625,136.36209106445312,1397.0,1452.0,1490.0,1525.0,1552.0,1578.0,1610.0,1640.0,1685.0,1939.0,100.0,2.0,275
1524.0067138671875,139.98822021484375,1371.0,1429.0,1475.0,1504.0,1532.0,1566.0,1591.0,1628.0,1680.0,1980.0,20.0,1.0,276
1528.2696533203125,130.86767578125,1388.0,1445.0,1483.0,1511.0,1539.0,1566.0,1591.0,1628.0,1668.0,2038.0,20.0,1.0,277
1541.6796875,133.90365600585938,1397.0,1460.0,1497.0,1525.0,1552.0,1578.0,1610.0,1640.0,1685.0,1916.0,20.0,1.0,278
1521.3822021484375,131.97613525390625,1380.0,1437.0,1475.0,1511.0,1532.0,1559.0,1591.0,1616.0,1663.0,2015.0,20.0,1.0,279
1504.0394287109375,132.36312866210938,1362.0,1421.0,1452.0,1483.0,1511.0,1539.0,1566.0,1604.0,1651.0,1932.0,20.0,1.0,280
1528.173095703125,125.98979949951172,1397.0,1452.0,1483.0,1511.0,1532.0,1559.0,1591.0,1622.0,1663.0,1912.0,20.0,1.0,281
1524.1832275390625,130.74545288085938,1397.0,1452.0,1483.0,1511.0,1532.0,1559.0,1591.0,1616.0,1663.0,1932.0,20.0,1.0,282
1515.480224609375,136.53334045410156,1371.0,1429.0,1468.0,1497.0,1525.0,1552.0,1585.0,1616.0,1668.0,1943.0,20.0,1.0,283
1537.390380859375,136.50677490234375,1397.0,1460.0,1497.0,1525.0,1552.0,1572.0,1604.0,1634.0,1680.0,2051.0,20.0,1.0,284
1523.61376953125,134.53506469726562,1388.0,1445.0,1483.0,1511.0,1539.0,1559.0,1591.0,1622.0,1668.0,2008.0,20.0,1.0,285
1511.1746826171875,125.02255249023438,1380.0,1437.0,1468.0,1490.0,1518.0,1546.0,1572.0,1604.0,1646.0,1904.0,20.0,1.0,286
1557.628662109375,142.56298828125,1405.0,1468.0,1511.0,1539.0,1572.0,1597.0,1628.0,1663.0,1712.0,1997.0,20.0,1.0,287
1533.83203125,132.896240234375,1405.0,1452.0,1490.0,1518.0,1546.0,1572.0,1597.0,1628.0,1674.0,2008.0,20.0,1.0,288
1501.537353515625,124.2844467163086,1371.0,1429.0,1460.0,1483.0,1511.0,1532.0,1559.0,1591.0,1634.0,1965.0,20.0,1.0,289
1538.78076171875,137.30264282226562,1397.0,1452.0,1490.0,1518.0,1552.0,1572.0,1604.0,1640.0,1685.0,1987.0,20.0,1.0,290
1517.917724609375,126.47766876220703,1388.0,1437.0,1468.0,1497.0,1525.0,1552.0,1578.0,1610.0,1657.0,2015.0,20.0,1.0,291
1503.9892578125,116.38636016845703,1380.0,1429.0,1468.0,1490.0,1511.0,1539.0,1559.0,1591.0,1628.0,1904.0,20.0,1.0,292
1526.2650146484375,128.54006958007812,1397.0,1445.0,1483.0,1511.0,1532.0,1559.0,1591.0,1622.0,1665.5,1912.0,20.0,1.0,293
1488.6358642578125,129.3467559814453,1345.0,1405.0,1445.0,1475.0,1497.0,1525.0,1552.0,1585.0,1628.0,1965.0,20.0,1.0,294
1526.546142578125,132.93792724609375,1397.0,1445.0,1483.0,1511.0,1532.0,1559.0,1591.0,1622.0,1668.0,1928.0,20.0,1.0,295
1510.4884033203125,130.4224090576172,1380.0,1429.0,1468.0,1490.0,1518.0,1546.0,1572.0,1604.0,1646.0,1997.0,20.0,1.0,296
1526.8533935546875,135.6256866455078,1388.0,1445.0,1483.0,1511.0,1539.0,1566.0,1591.0,1628.0,1674.0,1880.0,20.0,1.0,297
1531.4381103515625,132.71522521972656,1397.0,1452.0,1483.0,1511.0,1539.0,1566.0,1597.0,1628.0,1674.0,1954.0,20.0,1.0,298
1526.3236083984375,140.18890380859375,1380.0,1452.0,1490.0,1511.0,1539.0,1566.0,1591.0,1628.0,1668.0,1896.0,20.0,1.0,299
1510.906982421875,126.18795013427734,1380.0,1437.0,1468.0,1497.0,1518.0,1546.0,1572.0,1604.0,1646.0,1997.0,20.0,1.0,300
1537.4345703125,141.81854248046875,1380.0,1445.0,1490.0,1518.0,1546.0,1572.0,1610.0,1646.0,1696.0,1939.0,20.0,1.0,301
1507.78125,127.48919677734375,1380.0,1429.0,1468.0,1490.0,1518.0,1539.0,1566.0,1597.0,1646.0,2025.0,20.0,1.0,302
1442.0264892578125,197.0286407470703,1217.0,1326.0,1397.0,1437.0,1475.0,1511.0,1552.0,1591.0,1640.0,1928.0,0.0,0.0,303
1455.393310546875,180.3137664794922,1269.0,1354.0,1405.0,1445.0,1475.0,1511.0,1546.0,1585.0,1634.0,1976.0,0.0,0.0,304
1459.9111328125,195.86717224121094,1259.0,1354.0,1413.0,1445.0,1483.0,1522.1999999999962,1559.0,1597.0,1657.0,1965.0,0.0,0.0,305
1452.484130859375,187.8129119873047,1238.0,1336.0,1397.0,1445.0,1490.0,1518.0,1559.0,1597.0,1640.0,1896.0,0.0,0.0,306
1465.0673828125,195.9601593017578,1269.0,1371.0,1429.0,1468.0,1497.0,1532.0,1559.0,1597.0,1651.0,2086.0,0.0,0.0,307
1451.6673583984375,190.04257202148438,1217.0,1326.0,1388.0,1437.0,1475.0,1511.0,1552.0,1597.0,1657.0,1997.0,0.0,0.0,308
1484.8612060546875,191.64932250976562,1279.0,1388.0,1437.0,1483.0,1518.0,1552.0,1585.0,1622.0,1668.0,1908.0,0.0,0.0,309
1437.798583984375,201.7705841064453,1195.0,1317.0,1380.0,1429.0,1475.0,1511.0,1546.0,1591.0,1646.0,1896.0,0.0,0.0,310
1464.1031494140625,197.29348754882812,1248.0,1362.0,1421.0,1468.0,1497.0,1532.0,1566.0,1604.0,1651.0,1920.0,0.0,0.0,311
1800.13623046875,272.3234558105469,1460.0,1552.0,1628.0,1712.0,1806.0,1912.0,1997.0,2073.0,2136.0,2395.0,100.0,2.0,312
1594.6109619140625,153.00164794921875,1421.0,1490.0,1532.0,1572.0,1610.0,1640.0,1674.0,1712.0,1768.0,1997.0,100.0,2.0,313
1551.2501220703125,138.18141174316406,1397.0,1468.0,1504.0,1532.0,1559.0,1591.0,1622.0,1657.0,1701.0,1939.0,100.0,2.0,314
1558.998779296875,146.5296630859375,1388.0,1460.0,1511.0,1546.0,1572.0,1604.0,1634.0,1668.0,1722.0,2004.0,20.0,1.0,315
1541.568115234375,135.80943298339844,1397.0,1460.0,1497.0,1525.0,1552.0,1578.0,1610.0,1646.0,1685.0,2008.0,20.0,1.0,316
1504.09521484375,131.40235900878906,1362.0,1421.0,1452.0,1483.0,1511.0,1539.0,1572.0,1604.0,1651.0,2086.0,20.0,1.0,317
1504.7677001953125,131.37603759765625,1371.0,1421.0,1460.0,1490.0,1511.0,1539.0,1572.0,1604.0,1646.0,1920.0,20.0,1.0,318
1538.419677734375,130.64743041992188,1405.0,1460.0,1490.0,1518.0,1546.0,1572.0,1597.0,1634.0,1680.0,1943.0,20.0,1.0,319
1504.4110107421875,117.78466033935547,1380.0,1429.0,1460.0,1483.0,1511.0,1532.0,1559.0,1591.0,1634.0,1896.0,20.0,1.0,320
1527.7708740234375,129.2666015625,1397.0,1452.0,1483.0,1511.0,1539.0,1559.0,1591.0,1622.0,1663.0,1947.0,20.0,1.0,321
1532.757080078125,140.39027404785156,1388.0,1452.0,1490.0,1518.0,1546.0,1572.0,1597.0,1634.0,1680.0,2004.0,20.0,1.0,322
1514.3712158203125,123.04281616210938,1388.0,1437.0,1468.0,1497.0,1518.0,1546.0,1572.0,1604.0,1646.0,1947.0,20.0,1.0,323
1524.0628662109375,133.38043212890625,1397.0,1452.0,1490.0,1511.0,1539.0,1559.0,1591.0,1616.0,1663.0,1908.0,20.0,1.0,324
1523.3360595703125,131.2506561279297,1388.0,1445.0,1483.0,1511.0,1532.0,1559.0,1591.0,1616.0,1663.0,1939.0,20.0,1.0,325
1527.3414306640625,128.7331085205078,1388.0,1445.0,1475.0,1511.0,1532.0,1559.0,1591.0,1622.0,1668.0,1976.0,20.0,1.0,326
1522.629638671875,129.1885223388672,1388.0,1445.0,1483.0,1511.0,1532.0,1559.0,1585.0,1616.0,1657.0,1892.0,20.0,1.0,327
1510.9034423828125,125.3091049194336,1380.0,1429.0,1468.0,1490.0,1518.0,1546.0,1572.0,1604.0,1646.0,1928.0,20.0,1.0,328
1536.1368408203125,140.24705505371094,1388.0,1452.0,1490.0,1518.0,1552.0,1572.0,1604.0,1640.0,1690.0,1954.0,20.0,1.0,329
1522.120849609375,129.69834899902344,1388.0,1445.0,1475.0,1504.0,1532.0,1552.0,1585.0,1616.0,1663.0,1920.0,20.0,1.0,330
1522.744384765625,137.73643493652344,1380.0,1445.0,1483.0,1511.0,1532.0,1559.0,1591.0,1622.0,1668.0,1920.0,20.0,1.0,331
1512.67822265625,127.04316711425781,1380.0,1437.0,1468.0,1497.0,1518.0,1546.0,1572.0,1604.0,1646.0,1908.0,20.0,1.0,332
1527.520263671875,140.01788330078125,1380.0,1437.0,1475.0,1511.0,1539.0,1566.0,1597.0,1628.0,1680.0,1965.0,20.0,1.0,333
1538.12646484375,131.90016174316406,1405.0,1460.0,1497.0,1525.0,1552.0,1572.0,1597.0,1634.0,1674.0,2004.0,20.0,1.0,334
1518.508056640625,134.7434844970703,1380.0,1437.0,1475.0,1504.0,1532.0,1559.0,1585.0,1616.0,1657.0,1928.0,20.0,1.0,335
1526.357177734375,136.20057678222656,1380.0,1437.0,1475.0,1511.0,1539.0,1566.0,1597.0,1628.0,1674.0,2004.0,20.0,1.0,336
1530.4658203125,138.7333221435547,1388.0,1445.0,1483.0,1518.0,1546.0,1572.0,1597.0,1628.0,1674.0,1987.0,20.0,1.0,337
1485.1837158203125,120.34555053710938,1362.0,1413.0,1445.0,1468.0,1497.0,1518.0,1546.0,1572.0,1616.0,1932.0,20.0,1.0,338
1503.40625,125.53132629394531,1371.0,1421.0,1460.0,1483.0,1511.0,1532.0,1559.0,1591.0,1640.0,1951.0,20.0,1.0,339
1536.864990234375,137.16378784179688,1397.0,1460.0,1490.0,1518.0,1552.0,1572.0,1604.0,1634.0,1680.0,1976.0,20.0,1.0,340
1514.3394775390625,131.9073486328125,1380.0,1437.0,1468.0,1497.0,1525.0,1552.0,1578.0,1610.0,1651.0,1954.0,20.0,1.0,341
1432.35107421875,195.05577087402344,1238.0,1336.0,1388.0,1429.0,1468.0,1497.0,1532.0,1566.0,1616.0,1904.0,0.0,0.0,342
1455.936767578125,188.5052490234375,1248.0,1345.0,1397.0,1445.0,1483.0,1518.0,1559.0,1597.0,1657.0,1951.0,0.0,0.0,343
1463.3819580078125,205.54669189453125,1259.0,1362.0,1413.0,1460.0,1490.0,1532.0,1566.0,1610.0,1663.0,1954.0,0.0,0.0,344
1453.12158203125,203.3446502685547,1184.0,1317.0,1380.0,1437.0,1483.0,1525.0,1572.0,1616.0,1674.0,1987.0,0.0,0.0,345
1485.3338623046875,179.80413818359375,1298.0,1397.0,1445.0,1483.0,1511.0,1546.0,1572.0,1610.0,1657.0,1939.0,0.0,0.0,346
1443.571044921875,191.79098510742188,1217.0,1326.0,1388.0,1429.0,1468.0,1511.0,1546.0,1585.0,1646.0,1928.0,0.0,0.0,347
1440.41796875,207.6394805908203,1228.0,1336.0,1397.0,1437.0,1475.0,1511.0,1546.0,1591.0,1640.0,1932.0,0.0,0.0,348
1456.9788818359375,192.2721710205078,1238.0,1345.0,1405.0,1452.0,1490.0,1525.0,1559.0,1597.0,1646.0,1920.0,0.0,0.0,349
1450.673095703125,196.20965576171875,1228.0,1336.0,1397.0,1445.0,1483.0,1518.0,1552.0,1591.0,1646.0,1928.0,0.0,0.0,350
1476.1845703125,191.02394104003906,1269.0,1371.0,1429.0,1475.0,1511.0,1539.0,1572.0,1610.0,1663.0,1912.0,0.0,0.0,351
1811.3818359375,280.21343994140625,1445.0,1552.0,1634.0,1728.0,1846.0,1943.0,2025.0,2086.0,2145.0,2338.0,100.0,2.0,352
1571.9375,142.45249938964844,1413.0,1475.0,1511.0,1552.0,1585.0,1616.0,1646.0,1685.0,1733.0,2045.0,100.0,2.0,353
1577.95849609375,153.43853759765625,1405.0,1475.0,1525.0,1559.0,1591.0,1622.0,1657.0,1696.0,1748.0,2001.0,100.0,2.0,354
1529.0406494140625,135.45970153808594,1388.0,1445.0,1483.0,1511.0,1539.0,1566.0,1597.0,1628.0,1674.0,1928.0,20.0,1.0,355
1517.8380126953125,135.88787841796875,1371.0,1437.0,1475.0,1511.0,1532.0,1559.0,1585.0,1616.0,1657.0,1904.0,20.0,1.0,356
1499.9779052734375,127.80351257324219,1362.0,1421.0,1452.0,1483.0,1511.0,1532.0,1559.0,1597.0,1640.0,1943.0,20.0,1.0,357
1528.33740234375,132.1184539794922,1388.0,1445.0,1483.0,1511.0,1539.0,1566.0,1591.0,1628.0,1668.0,1908.0,20.0,1.0,358
1530.6917724609375,134.75369262695312,1397.0,1452.0,1490.0,1518.0,1546.0,1572.0,1597.0,1628.0,1668.0,1987.0,20.0,1.0,359
1525.5755615234375,131.40159606933594,1397.0,1452.0,1483.0,1511.0,1539.0,1559.0,1591.0,1616.0,1663.0,2018.0,20.0,1.0,360
1537.6212158203125,143.5465850830078,1380.0,1445.0,1490.0,1518.0,1552.0,1578.0,1610.0,1646.0,1696.0,2004.0,20.0,1.0,361
1538.4578857421875,137.5984344482422,1397.0,1460.0,1490.0,1525.0,1552.0,1572.0,1604.0,1634.0,1680.0,2098.0,20.0,1.0,362
1493.6080322265625,123.01756286621094,1371.0,1421.0,1452.0,1475.0,1504.0,1525.0,1552.0,1585.0,1622.0,1912.0,20.0,1.0,363
1520.4256591796875,127.9400863647461,1380.0,1437.0,1475.0,1504.0,1532.0,1559.0,1585.0,1616.0,1657.0,1983.0,20.0,1.0,364
1532.794189453125,129.34017944335938,1397.0,1452.0,1490.0,1518.0,1539.0,1566.0,1597.0,1628.0,1674.0,1920.0,20.0,1.0,365
1504.4295654296875,119.62315368652344,1380.0,1429.0,1460.0,1490.0,1511.0,1532.0,1559.0,1591.0,1634.0,1997.0,20.0,1.0,366
1508.4134521484375,125.64997863769531,1380.0,1429.0,1468.0,1490.0,1518.0,1539.0,1566.0,1597.0,1640.0,1976.0,20.0,1.0,367
1539.4649658203125,141.62200927734375,1388.0,1445.0,1490.0,1518.0,1552.0,1578.0,1610.0,1646.0,1696.0,2032.0,20.0,1.0,368
1514.5467529296875,129.44546508789062,1380.0,1437.0,1468.0,1497.0,1525.0,1552.0,1572.0,1610.0,1651.0,1892.0,20.0,1.0,369
1532.15771484375,134.9599609375,1388.0,1452.0,1490.0,1518.0,1546.0,1572.0,1597.0,1628.0,1668.0,1954.0,20.0,1.0,370
1523.2176513671875,139.8846893310547,1380.0,1437.0,1475.0,1511.0,1532.0,1559.0,1591.0,1628.0,1674.0,1939.0,20.0,1.0,371
1533.1632080078125,134.3925018310547,1397.0,1452.0,1490.0,1518.0,1546.0,1572.0,1597.0,1634.0,1674.0,2022.0,20.0,1.0,372
1518.610595703125,131.88394165039062,1380.0,1437.0,1475.0,1504.0,1525.0,1552.0,1578.0,1610.0,1663.0,2116.0,20.0,1.0,373
1508.660888671875,132.68560791015625,1380.0,1429.0,1468.0,1490.0,1518.0,1546.0,1572.0,1604.0,1646.0,1892.0,20.0,1.0,374
1529.3526611328125,145.53521728515625,1371.0,1437.0,1475.0,1511.0,1539.0,1572.0,1604.0,1640.0,1690.0,1939.0,20.0,1.0,375
1508.3621826171875,126.53398132324219,1380.0,1429.0,1468.0,1490.0,1518.0,1539.0,1566.0,1597.0,1646.0,1924.0,20.0,1.0,376
1521.6387939453125,137.97019958496094,1380.0,1437.0,1475.0,1511.0,1532.0,1559.0,1591.0,1622.0,1663.0,1980.0,20.0,1.0,377
1516.2464599609375,130.20216369628906,1380.0,1437.0,1475.0,1504.0,1532.0,1552.0,1578.0,1610.0,1657.0,1928.0,20.0,1.0,378
1509.435546875,127.21221160888672,1380.0,1429.0,1468.0,1490.0,1518.0,1546.0,1572.0,1604.0,1646.0,1900.0,20.0,1.0,379
